{
  "method": "adam_baseline",
  "train_acc": [
    46.61128861223956,
    46.50834859137704,
    46.90468512241008,
    47.86115956688275,
    47.951390777276764,
    48.26763566975976,
    48.80832657397928,
    49.52422096356898,
    48.97787691584704,
    49.600320133534794,
    49.732552516387706,
    51.01906372121005,
    51.24143665385813,
    51.69150493030222,
    52.23725544556725,
    53.348337067912716,
    53.683985602734126,
    54.20036668695489,
    55.502575352542856,
    55.39872732696653,
    56.048021013263025,
    58.14781725233229,
    57.88279092888578,
    58.614825597009066,
    59.36463217415627,
    60.404896314984356,
    61.578330504924985,
    62.43606050835562,
    63.24545965058027,
    63.853095740152895,
    64.33556968309419,
    65.87148455245509,
    67.22610862904942,
    67.99537677658844,
    68.49110960761877,
    69.75975890017801,
    70.27054818767647,
    71.30824817483703,
    71.81087676905973,
    73.03899365055872,
    74.09415847784102,
    74.86848683712167,
    76.06511698210286,
    77.30647637796267,
    77.94334387903558,
    78.18822599675923,
    78.83258891382854,
    79.63187776247598,
    80.26721664499206,
    81.34705182580713,
    82.18419237731534,
    82.7780143357416,
    83.43406382472696,
    84.04900777465555,
    84.54974554720283,
    84.91352251552183,
    86.32960297290886,
    86.62078069913933,
    86.44034105380635,
    86.92185923568529,
    87.49086673171513,
    88.1424787319882,
    88.98456589838067,
    89.29087459328221,
    89.68067141912704,
    90.0392115095879,
    90.37819555381186,
    90.5630098720152,
    90.76094523113424,
    90.84014405978907,
    90.5354332382161,
    91.34920027236451,
    92.25926200018912,
    91.65990253641549,
    91.8370935873457,
    92.60692721212193,
    92.46200008272308,
    92.43754811274754,
    93.31197790143536,
    93.1365076743126,
    93.32505104699142,
    92.99526719063535,
    93.49144234199923,
    93.56597602374872,
    93.81549785048229,
    94.04807591435478,
    94.13578586884321,
    93.89096997749574,
    94.15648116977007,
    93.59281278970666,
    94.2921992495815,
    94.37501824815632,
    94.06350898330467,
    93.98870478196811,
    94.29493385592876,
    93.9430961200797,
    94.53597686261303,
    94.56545665659405,
    94.17294115864604,
    94.56139756010259
  ],
  "test_acc": [
    42.78570822035068,
    43.37297437170327,
    43.35171086753215,
    43.337134073887036,
    44.510457152631425,
    44.25799674420543,
    44.54988642807862,
    44.646145268780195,
    45.72780256381485,
    45.78275729354527,
    46.49543577540858,
    47.408724168809336,
    47.79336217507771,
    48.76313570490364,
    49.081067492162276,
    49.42587065338767,
    50.11007253112161,
    50.71959545420316,
    51.8875736221941,
    52.36965714160315,
    52.95383664578474,
    54.23776022925895,
    54.74354143869445,
    55.34672835419718,
    55.77743848930192,
    57.42707253264115,
    58.23601272000823,
    59.066636136300964,
    59.79340153115434,
    60.56799188373138,
    61.756460018059464,
    62.894712240996185,
    63.713020488737314,
    64.67301105495069,
    65.51272977009288,
    66.80466629381205,
    67.72928960695891,
    68.29689368152306,
    69.85696655983581,
    70.8151565704869,
    71.7584102620234,
    72.30163793287774,
    73.18180620578994,
    73.68424785593882,
    75.31946667123955,
    75.01274034822202,
    76.53858933544905,
    77.364272850197,
    78.62428266853625,
    79.03868414325004,
    79.38518722737679,
    79.90674877219702,
    80.86639289556693,
    81.8552148522441,
    82.46300611975414,
    82.96432883414153,
    83.3462141011959,
    84.08693854067985,
    85.09601620053161,
    84.75801384550897,
    85.68882076365527,
    86.77648408091225,
    86.78165689292886,
    86.78629946893814,
    87.6204248827568,
    87.4219626609643,
    88.07247806487068,
    89.0190968620245,
    89.46468909992471,
    88.31565252074333,
    89.55450278326687,
    90.31336804824089,
    89.56007092389115,
    90.11166683140955,
    90.82713687098688,
    90.23041314002792,
    90.79910510808342,
    90.77383892690982,
    90.19558755292864,
    91.26199173381642,
    91.19788487307473,
    91.78151464904329,
    92.37761990882733,
    91.93560695076752,
    91.62914347171613,
    92.06294186481867,
    92.06353696046395,
    92.4855371287811,
    91.58832037853813,
    91.77913551880906,
    91.50411530304558,
    92.6365653348596,
    92.45300526521721,
    92.267056255857,
    92.29141986390088,
    92.40721354369076,
    92.31594417948556,
    92.60612943906028,
    92.58147876613828,
    93.3766881745896
  ],
  "train_loss": [
    2.784270743957789,
    2.659124925862585,
    2.539612009961904,
    2.4094828959199397,
    2.299662122702632,
    2.1972890301063863,
    2.115607302007121,
    2.050446712767059,
    1.9493342246170273,
    1.869540018037636,
    1.7876769143541238,
    1.668880616220249,
    1.6194727597846874,
    1.5489821433572941,
    1.5105992950950937,
    1.4567887410407998,
    1.364171677514253,
    1.3202829426059934,
    1.2763911769148053,
    1.2116553245349624,
    1.162988479499512,
    1.1180483937021966,
    1.099516963279316,
    1.032767013896384,
    1.025612423219548,
    0.9739807444998313,
    0.9498676319439096,
    0.9294099771899861,
    0.8654819246872205,
    0.8341036122270836,
    0.8250704352782373,
    0.7769132627599311,
    0.7564876142720309,
    0.7420502660887047,
    0.7236198187564473,
    0.6812702890396809,
    0.6739246035871088,
    0.6691549417097216,
    0.6623008966436329,
    0.5954280925912154,
    0.6279163023398617,
    0.6059337757108101,
    0.5616604408734688,
    0.5418182662928954,
    0.5566979724241843,
    0.5314854526058687,
    0.5277491634214979,
    0.5271493881658702,
    0.4978554759040032,
    0.49553847293389836,
    0.49042961830310455,
    0.4873249946671642,
    0.4915462108225428,
    0.48226383995524086,
    0.45250212606568674,
    0.4378256309549577,
    0.4696420407262106,
    0.436959273489202,
    0.42732064747659354,
    0.39837039991567175,
    0.4206195099505687,
    0.3918723244956269,
    0.3913927324665493,
    0.3733217448966406,
    0.38078397848857753,
    0.38497085369447714,
    0.35739215709004213,
    0.36238447871550716,
    0.37073984543494665,
    0.34941251633604736,
    0.3461133430016645,
    0.34910334572550894,
    0.33739820862419545,
    0.3646117966887412,
    0.3378031560475387,
    0.36145110832958005,
    0.36124426778109586,
    0.3271449077978156,
    0.34335718482897265,
    0.3334331173477948,
    0.3215426618591329,
    0.3315740254537319,
    0.3311159920389205,
    0.3435819282777186,
    0.3466133491895978,
    0.313263877719243,
    0.32213187684390104,
    0.33469889015688825,
    0.34302031071348993,
    0.2876141000387622,
    0.3420229054167846,
    0.3192320153116761,
    0.34356350782836126,
    0.3132574010229209,
    0.30617292789642525,
    0.3183323101939319,
    0.33426324045787875,
    0.31637421889382794,
    0.2798297500653365,
    0.32458261781773795
  ],