{
  "method": "penalty_method",
  "train_acc": [
    44.3710001099927,
    43.970798711805955,
    44.52152587636145,
    46.014249721285516,
    45.37417262554714,
    46.574388639429856,
    46.956055916078924,
    46.97438646237284,
    47.13666079999738,
    48.16457998033189,
    48.17454840747785,
    49.01659044809037,
    49.684887103980365,
    49.87516533676679,
    50.67533001609812,
    51.23729706433191,
    51.43756068915402,
    52.54375139533699,
    52.99691526454011,
    53.134707299658295,
    54.4927387084393,
    55.223130955757995,
    55.79989001599613,
    55.88106887628003,
    57.90900530008194,
    58.63156036596475,
    59.39304202352813,
    60.03390079463643,
    60.11938526736191,
    61.54607347410388,
    61.88637935438112,
    64.10706798265147,
    63.71170786068551,
    65.07266114705342,
    64.90137893553103,
    65.89692006354417,
    67.01259906907883,
    68.39344932299898,
    69.14263306149054,
    69.83889912250397,
    69.68073427064803,
    71.8214017457128,
    71.68289972250798,
    73.6029770937417,
    74.4800064409594,
    74.76295424666917,
    75.57269660375655,
    75.28195872755255,
    77.71674084474245,
    77.34244642763014,
    78.36622635260578,
    78.1843096526394,
    79.17721604514901,
    79.28983053925614,
    80.3146324361732,
    81.00920231211508,
    81.67794720796232,
    82.73243433359914,
    82.84307466757049,
    83.23978971503855,
    83.6320491623311,
    84.98537209718357,
    84.26774991718288,
    85.49261868374677,
    84.4872506758107,
    85.36938373465657,
    86.32676681315495,
    86.43072998838132,
    88.20161713665381,
    88.33861064002456,
    86.80868297511708,
    87.31024999424355,
    88.01390848075896,
    89.1330255292171,
    89.12041392206709,
    89.00250976617328,
    88.45290812906778,
    88.93200400904841,
    88.31560664122883,
    89.03321338520568,
    90.10718081988037,
    90.4512922111104,
    89.68073422533615,
    90.47856989915212,
    91.31567450374163,
    90.80309350850946,
    90.72972804582676,
    91.27354626675027,
    91.35922489551416,
    91.27497958857695,
    91.10829830614993,
    91.26278433572311,
    91.59320240655406,
    91.39875177667943,
    92.33407548443363,
    92.21937182171911,
    92.38573256706069,
    92.8831132992366,
    92.75149086447303,
    92.74534294869389
  ],
  "test_acc": [
    41.21579976557976,
    41.768174168713216,
    41.447625479706076,
    42.48278694342802,
    43.0489866314832,
    42.312753858274924,
    43.23843662447427,
    44.347853253757926,
    43.55039052839461,
    44.740441432087714,
    45.74574215598205,
    45.138796435725745,
    46.3452810930327,
    47.151501434465004,
    48.170717247166884,
    47.70849172346374,
    49.54570676346366,
    49.80739085405087,
    50.93674943417495,
    51.62344148980527,
    51.93492012503856,
    52.748632046882975,
    52.39505151413246,
    53.36564451296349,
    54.329952384660416,
    55.46538212987828,
    56.926500313317646,
    56.40112088159052,
    57.97690083291007,
    58.329990065585605,
    59.07365614886132,
    61.45947845160211,
    61.64381501633797,
    63.28900766124875,
    63.942061587142724,
    63.767870478964376,
    64.17810982310709,
    67.01401881562624,
    66.64498090917161,
    67.1371203188641,
    68.90870556222573,
    69.47541870386918,
    69.90441934448805,
    70.88765312406773,
    71.94805443449741,
    72.69626191698534,
    73.8129804296926,
    74.01750958186756,
    74.76389921836407,
    75.95848419163903,
    76.51814634773235,
    77.59257558590825,
    77.58409462270036,
    78.3029730079989,
    78.396481585652,
    80.3255204940287,
    79.45950390758503,
    80.81695187469262,
    80.80862652121007,
    81.94129794055942,
    82.64234288328308,
    81.92790097216954,
    83.09963644366374,
    82.76487606297619,
    84.76447727348874,
    84.24131355221893,
    84.05709703044587,
    84.85931184053372,
    86.2138210231651,
    86.63332944830496,
    86.84031379631425,
    86.11290722766604,
    86.7142051639776,
    87.87872743542046,
    86.95287338267713,
    87.39549099984659,
    87.31749704722019,
    87.43191450496941,
    88.825063322033,
    88.73428391673889,
    88.83023979186427,
    89.07171686990341,
    89.4594622112856,
    89.86181509504506,
    89.25222004064184,
    89.22636549306553,
    89.01804133595107,
    90.19685717532377,
    89.51694622614451,
    89.1391827170727,
    89.85782705131116,
    90.10415052095654,
    90.60232160261876,
    90.7766663529063,
    89.99294528372069,
    90.03719182376568,
    90.347551154908,
    89.97594184998725,
    90.59278874027298,
    90.94039428811283
  ],
  "train_loss": [
    2.9609835032597718,
    2.8290932760457093,
    2.764011098813098,
    2.5949466433757395,
    2.4915960208071235,
    2.3870568010927773,
    2.3138799014562896,
    2.2275081620554302,
    2.153547462409737,
    2.0462999046246617,
    1.9378153559803095,
    1.9042376629002222,
    1.846213316293519,
    1.759570109720838,
    1.6916433250884775,
    1.6439702699113399,
    1.6026660475022834,
    1.5167351199867416,
    1.4363208481852976,
    1.402601474785402,
    1.362120940776899,
    1.2832349566537344,
    1.2906224919270264,
    1.2179271022081144,
    1.2034455522283354,
    1.1590618160731163,
    1.1126160013513706,
    1.1167713874046987,
    1.0399757181329512,
    1.0062959086686676,
    0.9956205835832128,
    0.9779714730967852,
    0.9339042463266571,
    0.8883365064404658,
    0.8970637945028161,
    0.8717279048200135,
    0.8786685794340214,
    0.8113312876087659,
    0.7995907657739526,
    0.7645165828920948,
    0.7275455271266481,
    0.7411219304158511,
    0.7397778617585785,
    0.6864371247921399,
    0.6778919785114625,
    0.6532872121575155,
    0.6897049787371515,
    0.6369669627435377,
    0.6485872525559246,
    0.607650398916462,
    0.6149708516871711,
    0.5900128149760288,
    0.5451397020496233,
    0.5837071406333588,
    0.583231260561715,
    0.5219697389646092,
    0.5515496561078452,
    0.5381850993595392,
    0.517451760032902,
    0.5265377718243268,
    0.48566743029473664,
    0.522702578780455,
    0.5349579350450977,
    0.4798533259988603,
    0.49791598380952934,
    0.5221434392912812,
    0.4907589772579081,
    0.47286334203901625,
    0.4601852108926313,
    0.47734254531848463,
    0.46673670327838285,
    0.4778319505258336,
    0.4308016840265747,
    0.47894249210218603,
    0.44570240630347935,
    0.46316835551562696,
    0.4325721054619067,
    0.41792050490057436,
    0.429545887622854,
    0.4189453286122159,
    0.42781949814779396,
    0.44567839907398615,
    0.4518253182587039,
    0.43196666035025005,
    0.41483987000705824,
    0.4144842189500092,
    0.4333161244313055,
    0.4422529699125051,
    0.41121395845733194,
    0.4133993401587336,
    0.3991944439994963,
    0.41675915904997174,
    0.4302307608093538,
    0.3515218903857636,
    0.4133570123736335,
    0.3959097735187101,
    0.3591042151024665,
    0.4107323965191329,
    0.401522700379374,
    0.40960721153446084
  ],